Content_ID,Destination_URL,Related_Blog_URL,Related_Blog_Title,Related_Blog_Keyword,Overlay_1,Overlay_2,Description_With_Hashtags,Primary_CTA,Image_Prompt,Media_URL,UTM_URL
PIN-001,/micro/no-drill-art-layout-guide,/blog/no-drill-bathroom-upgrades-under-150,No-Drill Bathroom Upgrades Under $150 (Renter-Safe),no drill bathroom upgrades renters,BeforeAfter under $75,Renter-safe path,"You want your deposit back and still want the bathroom to feel finished. This BeforeAfter plan stays under $75. You get a cleaner, calmer bathroom without permanent changes. Swap temporary hardware and reset high-traffic zones. Save this plan for later. #bathroomdiy #rentersafe #budgetdecor #renterfriendly #nodrill #apartmentdecor #beforeafter",Save this plan for later,"Create a photorealistic vertical 2:3 Pinterest image for a bathroom DIY post. Variant ID: PIN-001. Style focus: RenterFriendly. Hook style: BeforeAfter. Intent: Inspire. Scene direction: eye-level view with a clear sink zone focus, matte tile and brushed metal accents. Story cue: Swap temporary hardware and reset high-traffic zones. No people, no faces, no logos, no watermarks, no on-image text. Leave clear safe space at top and bottom for text overlays.",,/micro/no-drill-art-layout-guide?utm_source=pinterest&utm_medium=organic&utm_campaign=week1_growth&utm_content=pin-001_beforeafter_inspire
PIN-002,/micro/under-75-color-refresh-plan,/blog/no-drill-bathroom-upgrades-under-150,No-Drill Bathroom Upgrades Under $150 (Renter-Safe),no drill bathroom upgrades renters,Checklist under $150,Renter-safe path,You want visible change but every home project feels expensive. This Checklist plan stays under $150. You get high-impact updates without blowing your monthly budget. Use one anchor fix plus one support layer under a hard budget cap. Use this exact checklist. #bathroomdiy #rentersafe #budgetdecor #budgetdiy #cheapdecor #diyhomeprojects #checklist,Use this exact checklist,"Create a photorealistic vertical 2:3 Pinterest image for a bathroom DIY post. Variant ID: PIN-002. Style focus: BudgetDIY. Hook style: Checklist. Intent: Teach. Scene direction: slight top-down angle highlighting vanity organization, warm neutral tile with clean grout lines. Story cue: Use one anchor fix plus one support layer under a hard budget cap. No people, no faces, no logos, no watermarks, no on-image text. Leave clear safe space at top and bottom for text overlays.",,/micro/under-75-color-refresh-plan?utm_source=pinterest&utm_medium=organic&utm_campaign=week1_growth&utm_content=pin-002_checklist_teach
PIN-003,/micro/tiny-vanity-top-organization-map,/blog/no-drill-bathroom-upgrades-under-150,No-Drill Bathroom Upgrades Under $150 (Renter-Safe),no drill bathroom upgrades renters,MistakesToAvoid under $225,Renter-safe path,Tiny layouts make daily routines feel cramped and frustrating. This MistakesToAvoid plan stays under $225. You get smoother movement and less visual stress in tight spaces. Re-route one clutter point and create one clear landing zone. Use the decision tree now. #bathroomdiy #rentersafe #budgetdecor #smallbathroom #smallspacehacks #tinybathroom #mistakestoavoid,Use the decision tree now,"Create a photorealistic vertical 2:3 Pinterest image for a bathroom DIY post. Variant ID: PIN-003. Style focus: SmallSpace. Hook style: MistakesToAvoid. Intent: Solve. Scene direction: wide corner composition showing full bathroom flow, soft green accessories with light wood textures. Story cue: Re-route one clutter point and create one clear landing zone. No people, no faces, no logos, no watermarks, no on-image text. Leave clear safe space at top and bottom for text overlays.",,/micro/tiny-vanity-top-organization-map?utm_source=pinterest&utm_medium=organic&utm_campaign=week1_growth&utm_content=pin-003_mistakestoavoid_solve
PIN-004,/micro/removable-lighting-upgrade-checklist,/blog/small-bathroom-storage-zones,Small Bathroom Storage Zones That Cut Daily Clutter,small bathroom storage ideas renters,QuickWin under $300,Renter-safe path,Counters and cabinets refill with clutter within days. This QuickWin plan stays under $300. You save time each morning because everything has a predictable home. Build a simple category system that survives real daily use. Compare picks by budget. #bathroomdiy #rentersafe #budgetdecor #bathroomstorage #organizingtips #declutterhome #quickwin,Compare picks by budget,"Create a photorealistic vertical 2:3 Pinterest image for a bathroom DIY post. Variant ID: PIN-004. Style focus: StorageOrganization. Hook style: QuickWin. Intent: Shop. Scene direction: tight crop centered on mirror + lighting area, white and clay palette with subtle contrast. Story cue: Build a simple category system that survives real daily use. No people, no faces, no logos, no watermarks, no on-image text. Leave clear safe space at top and bottom for text overlays.",,/micro/removable-lighting-upgrade-checklist?utm_source=pinterest&utm_medium=organic&utm_campaign=week1_growth&utm_content=pin-004_quickwin_shop
PIN-005,/micro/peel-stick-backsplash-cut-plan,/blog/no-drill-bathroom-upgrades-under-150,No-Drill Bathroom Upgrades Under $150 (Renter-Safe),no drill bathroom upgrades renters,BudgetBreakdown under $75,Renter-safe path,"You want personality without making the room feel busier. This BudgetBreakdown plan stays under $75. You get a bathroom that looks intentional, not expensive. Use one color rule and one texture layer for instant cohesion. Join weekly bathroom plans. #bathroomdiy #rentersafe #budgetdecor #bathroomstyling #colorformula #maximalistdecor #budgetbreakdown",Join weekly bathroom plans,"Create a photorealistic vertical 2:3 Pinterest image for a bathroom DIY post. Variant ID: PIN-005. Style focus: Styling. Hook style: BudgetBreakdown. Intent: Subscribe. Scene direction: shower-side perspective with storage context, minimal black hardware with bright natural tones. Story cue: Use one color rule and one texture layer for instant cohesion. No people, no faces, no logos, no watermarks, no on-image text. Leave clear safe space at top and bottom for text overlays.",,/micro/peel-stick-backsplash-cut-plan?utm_source=pinterest&utm_medium=organic&utm_campaign=week1_growth&utm_content=pin-005_budgetbreakdown_subscribe
PIN-006,/micro/no-drill-art-layout-guide,/blog/bathroom-plants-low-light-humidity,Bathroom Plants for Low Light + Humidity: Practical Picks,bathroom plants low light humidity,StepByStepHowTo under $150,Renter-safe path,"Plants die quickly in low-light, humid bathrooms. This StepByStepHowTo plan stays under $150. You get greenery that actually survives and softens the space. Match plants to light + humidity constraints before styling. Start with this quick reset. #bathroomdiy #rentersafe #budgetdecor #bathroomplants #biophilicdesign #plantstyling #stepbystephowto",Start with this quick reset,"Create a photorealistic vertical 2:3 Pinterest image for a bathroom DIY post. Variant ID: PIN-006. Style focus: PlantsBiophilic. Hook style: StepByStepHowTo. Intent: Inspire. Scene direction: eye-level view with a clear sink zone focus, matte tile and brushed metal accents. Story cue: Match plants to light + humidity constraints before styling. No people, no faces, no logos, no watermarks, no on-image text. Leave clear safe space at top and bottom for text overlays.",,/micro/no-drill-art-layout-guide?utm_source=pinterest&utm_medium=organic&utm_campaign=week1_growth&utm_content=pin-006_stepbystephowto_inspire
PIN-007,/micro/under-75-color-refresh-plan,/blog/no-drill-bathroom-upgrades-under-150,No-Drill Bathroom Upgrades Under $150 (Renter-Safe),no drill bathroom upgrades renters,ProductRoundup under $225,Renter-safe path,"You want your deposit back and still want the bathroom to feel finished. This ProductRoundup plan stays under $225. You get a cleaner, calmer bathroom without permanent changes. Swap temporary hardware and reset high-traffic zones. Follow this step-by-step guide. #bathroomdiy #rentersafe #budgetdecor #renterfriendly #nodrill #apartmentdecor #productroundup",Follow this step-by-step guide,"Create a photorealistic vertical 2:3 Pinterest image for a bathroom DIY post. Variant ID: PIN-007. Style focus: RenterFriendly. Hook style: ProductRoundup. Intent: Teach. Scene direction: slight top-down angle highlighting vanity organization, warm neutral tile with clean grout lines. Story cue: Swap temporary hardware and reset high-traffic zones. No people, no faces, no logos, no watermarks, no on-image text. Leave clear safe space at top and bottom for text overlays.",,/micro/under-75-color-refresh-plan?utm_source=pinterest&utm_medium=organic&utm_campaign=week1_growth&utm_content=pin-007_productroundup_teach
PIN-008,/micro/tiny-vanity-top-organization-map,/blog/no-drill-bathroom-upgrades-under-150,No-Drill Bathroom Upgrades Under $150 (Renter-Safe),no drill bathroom upgrades renters,PlantPicker under $300,Renter-safe path,You want visible change but every home project feels expensive. This PlantPicker plan stays under $300. You get high-impact updates without blowing your monthly budget. Use one anchor fix plus one support layer under a hard budget cap. Choose your best-fit path. #bathroomdiy #rentersafe #budgetdecor #budgetdiy #cheapdecor #diyhomeprojects #plantpicker,Choose your best-fit path,"Create a photorealistic vertical 2:3 Pinterest image for a bathroom DIY post. Variant ID: PIN-008. Style focus: BudgetDIY. Hook style: PlantPicker. Intent: Solve. Scene direction: wide corner composition showing full bathroom flow, soft green accessories with light wood textures. Story cue: Use one anchor fix plus one support layer under a hard budget cap. No people, no faces, no logos, no watermarks, no on-image text. Leave clear safe space at top and bottom for text overlays.",,/micro/tiny-vanity-top-organization-map?utm_source=pinterest&utm_medium=organic&utm_campaign=week1_growth&utm_content=pin-008_plantpicker_solve
PIN-009,/micro/removable-lighting-upgrade-checklist,/blog/no-drill-bathroom-upgrades-under-150,No-Drill Bathroom Upgrades Under $150 (Renter-Safe),no drill bathroom upgrades renters,RenterHack under $75,Renter-safe path,Tiny layouts make daily routines feel cramped and frustrating. This RenterHack plan stays under $75. You get smoother movement and less visual stress in tight spaces. Re-route one clutter point and create one clear landing zone. Shop the under-$150 tier. #bathroomdiy #rentersafe #budgetdecor #smallbathroom #smallspacehacks #tinybathroom #renterhack,Shop the under-$150 tier,"Create a photorealistic vertical 2:3 Pinterest image for a bathroom DIY post. Variant ID: PIN-009. Style focus: SmallSpace. Hook style: RenterHack. Intent: Shop. Scene direction: tight crop centered on mirror + lighting area, white and clay palette with subtle contrast. Story cue: Re-route one clutter point and create one clear landing zone. No people, no faces, no logos, no watermarks, no on-image text. Leave clear safe space at top and bottom for text overlays.",,/micro/removable-lighting-upgrade-checklist?utm_source=pinterest&utm_medium=organic&utm_campaign=week1_growth&utm_content=pin-009_renterhack_shop
PIN-010,/micro/peel-stick-backsplash-cut-plan,/blog/small-bathroom-storage-zones,Small Bathroom Storage Zones That Cut Daily Clutter,small bathroom storage ideas renters,SmallSpaceTrick under $150,Renter-safe path,Counters and cabinets refill with clutter within days. This SmallSpaceTrick plan stays under $150. You save time each morning because everything has a predictable home. Build a simple category system that survives real daily use. Get the free plant picker. #bathroomdiy #rentersafe #budgetdecor #bathroomstorage #organizingtips #declutterhome #smallspacetrick,Get the free plant picker,"Create a photorealistic vertical 2:3 Pinterest image for a bathroom DIY post. Variant ID: PIN-010. Style focus: StorageOrganization. Hook style: SmallSpaceTrick. Intent: Subscribe. Scene direction: shower-side perspective with storage context, minimal black hardware with bright natural tones. Story cue: Build a simple category system that survives real daily use. No people, no faces, no logos, no watermarks, no on-image text. Leave clear safe space at top and bottom for text overlays.",,/micro/peel-stick-backsplash-cut-plan?utm_source=pinterest&utm_medium=organic&utm_campaign=week1_growth&utm_content=pin-010_smallspacetrick_subscribe
PIN-011,/micro/no-drill-art-layout-guide,/blog/no-drill-bathroom-upgrades-under-150,No-Drill Bathroom Upgrades Under $150 (Renter-Safe),no drill bathroom upgrades renters,StylingFormula under $225,Renter-safe path,"You want personality without making the room feel busier. This StylingFormula plan stays under $225. You get a bathroom that looks intentional, not expensive. Use one color rule and one texture layer for instant cohesion. Click for the full setup. #bathroomdiy #rentersafe #budgetdecor #bathroomstyling #colorformula #maximalistdecor #stylingformula",Click for the full setup,"Create a photorealistic vertical 2:3 Pinterest image for a bathroom DIY post. Variant ID: PIN-011. Style focus: Styling. Hook style: StylingFormula. Intent: Inspire. Scene direction: eye-level view with a clear sink zone focus, matte tile and brushed metal accents. Story cue: Use one color rule and one texture layer for instant cohesion. No people, no faces, no logos, no watermarks, no on-image text. Leave clear safe space at top and bottom for text overlays.",,/micro/no-drill-art-layout-guide?utm_source=pinterest&utm_medium=organic&utm_campaign=week1_growth&utm_content=pin-011_stylingformula_inspire
PIN-012,/micro/under-75-color-refresh-plan,/blog/bathroom-plants-low-light-humidity,Bathroom Plants for Low Light + Humidity: Practical Picks,bathroom plants low light humidity,MythBuster under $300,Renter-safe path,"Plants die quickly in low-light, humid bathrooms. This MythBuster plan stays under $300. You get greenery that actually survives and softens the space. Match plants to light + humidity constraints before styling. See the full instructions. #bathroomdiy #rentersafe #budgetdecor #bathroomplants #biophilicdesign #plantstyling #mythbuster",See the full instructions,"Create a photorealistic vertical 2:3 Pinterest image for a bathroom DIY post. Variant ID: PIN-012. Style focus: PlantsBiophilic. Hook style: MythBuster. Intent: Teach. Scene direction: slight top-down angle highlighting vanity organization, warm neutral tile with clean grout lines. Story cue: Match plants to light + humidity constraints before styling. No people, no faces, no logos, no watermarks, no on-image text. Leave clear safe space at top and bottom for text overlays.",,/micro/under-75-color-refresh-plan?utm_source=pinterest&utm_medium=organic&utm_campaign=week1_growth&utm_content=pin-012_mythbuster_teach
PIN-013,/micro/tiny-vanity-top-organization-map,/blog/no-drill-bathroom-upgrades-under-150,No-Drill Bathroom Upgrades Under $150 (Renter-Safe),no drill bathroom upgrades renters,BeforeAfter under $75,Renter-safe path,"You want your deposit back and still want the bathroom to feel finished. This BeforeAfter plan stays under $75. You get a cleaner, calmer bathroom without permanent changes. Swap temporary hardware and reset high-traffic zones. Fix this bottleneck first. #bathroomdiy #rentersafe #budgetdecor #renterfriendly #nodrill #apartmentdecor #beforeafter",Fix this bottleneck first,"Create a photorealistic vertical 2:3 Pinterest image for a bathroom DIY post. Variant ID: PIN-013. Style focus: RenterFriendly. Hook style: BeforeAfter. Intent: Solve. Scene direction: wide corner composition showing full bathroom flow, soft green accessories with light wood textures. Story cue: Swap temporary hardware and reset high-traffic zones. No people, no faces, no logos, no watermarks, no on-image text. Leave clear safe space at top and bottom for text overlays.",,/micro/tiny-vanity-top-organization-map?utm_source=pinterest&utm_medium=organic&utm_campaign=week1_growth&utm_content=pin-013_beforeafter_solve
PIN-014,/micro/removable-lighting-upgrade-checklist,/blog/no-drill-bathroom-upgrades-under-150,No-Drill Bathroom Upgrades Under $150 (Renter-Safe),no drill bathroom upgrades renters,Checklist under $150,Renter-safe path,You want visible change but every home project feels expensive. This Checklist plan stays under $150. You get high-impact updates without blowing your monthly budget. Use one anchor fix plus one support layer under a hard budget cap. View renter-safe options. #bathroomdiy #rentersafe #budgetdecor #budgetdiy #cheapdecor #diyhomeprojects #checklist,View renter-safe options,"Create a photorealistic vertical 2:3 Pinterest image for a bathroom DIY post. Variant ID: PIN-014. Style focus: BudgetDIY. Hook style: Checklist. Intent: Shop. Scene direction: tight crop centered on mirror + lighting area, white and clay palette with subtle contrast. Story cue: Use one anchor fix plus one support layer under a hard budget cap. No people, no faces, no logos, no watermarks, no on-image text. Leave clear safe space at top and bottom for text overlays.",,/micro/removable-lighting-upgrade-checklist?utm_source=pinterest&utm_medium=organic&utm_campaign=week1_growth&utm_content=pin-014_checklist_shop
PIN-015,/micro/peel-stick-backsplash-cut-plan,/blog/no-drill-bathroom-upgrades-under-150,No-Drill Bathroom Upgrades Under $150 (Renter-Safe),no drill bathroom upgrades renters,MistakesToAvoid under $225,Renter-safe path,Tiny layouts make daily routines feel cramped and frustrating. This MistakesToAvoid plan stays under $225. You get smoother movement and less visual stress in tight spaces. Re-route one clutter point and create one clear landing zone. Send me the free guide. #bathroomdiy #rentersafe #budgetdecor #smallbathroom #smallspacehacks #tinybathroom #mistakestoavoid,Send me the free guide,"Create a photorealistic vertical 2:3 Pinterest image for a bathroom DIY post. Variant ID: PIN-015. Style focus: SmallSpace. Hook style: MistakesToAvoid. Intent: Subscribe. Scene direction: shower-side perspective with storage context, minimal black hardware with bright natural tones. Story cue: Re-route one clutter point and create one clear landing zone. No people, no faces, no logos, no watermarks, no on-image text. Leave clear safe space at top and bottom for text overlays.",,/micro/peel-stick-backsplash-cut-plan?utm_source=pinterest&utm_medium=organic&utm_campaign=week1_growth&utm_content=pin-015_mistakestoavoid_subscribe
PIN-016,/micro/no-drill-art-layout-guide,/blog/small-bathroom-storage-zones,Small Bathroom Storage Zones That Cut Daily Clutter,small bathroom storage ideas renters,QuickWin under $300,Renter-safe path,Counters and cabinets refill with clutter within days. This QuickWin plan stays under $300. You save time each morning because everything has a predictable home. Build a simple category system that survives real daily use. Save this plan for later. #bathroomdiy #rentersafe #budgetdecor #bathroomstorage #organizingtips #declutterhome #quickwin,Save this plan for later,"Create a photorealistic vertical 2:3 Pinterest image for a bathroom DIY post. Variant ID: PIN-016. Style focus: StorageOrganization. Hook style: QuickWin. Intent: Inspire. Scene direction: eye-level view with a clear sink zone focus, matte tile and brushed metal accents. Story cue: Build a simple category system that survives real daily use. No people, no faces, no logos, no watermarks, no on-image text. Leave clear safe space at top and bottom for text overlays.",,/micro/no-drill-art-layout-guide?utm_source=pinterest&utm_medium=organic&utm_campaign=week1_growth&utm_content=pin-016_quickwin_inspire
PIN-017,/micro/under-75-color-refresh-plan,/blog/no-drill-bathroom-upgrades-under-150,No-Drill Bathroom Upgrades Under $150 (Renter-Safe),no drill bathroom upgrades renters,BudgetBreakdown under $75,Renter-safe path,"You want personality without making the room feel busier. This BudgetBreakdown plan stays under $75. You get a bathroom that looks intentional, not expensive. Use one color rule and one texture layer for instant cohesion. Use this exact checklist. #bathroomdiy #rentersafe #budgetdecor #bathroomstyling #colorformula #maximalistdecor #budgetbreakdown",Use this exact checklist,"Create a photorealistic vertical 2:3 Pinterest image for a bathroom DIY post. Variant ID: PIN-017. Style focus: Styling. Hook style: BudgetBreakdown. Intent: Teach. Scene direction: slight top-down angle highlighting vanity organization, warm neutral tile with clean grout lines. Story cue: Use one color rule and one texture layer for instant cohesion. No people, no faces, no logos, no watermarks, no on-image text. Leave clear safe space at top and bottom for text overlays.",,/micro/under-75-color-refresh-plan?utm_source=pinterest&utm_medium=organic&utm_campaign=week1_growth&utm_content=pin-017_budgetbreakdown_teach
PIN-018,/micro/tiny-vanity-top-organization-map,/blog/bathroom-plants-low-light-humidity,Bathroom Plants for Low Light + Humidity: Practical Picks,bathroom plants low light humidity,StepByStepHowTo under $150,Renter-safe path,"Plants die quickly in low-light, humid bathrooms. This StepByStepHowTo plan stays under $150. You get greenery that actually survives and softens the space. Match plants to light + humidity constraints before styling. Use the decision tree now. #bathroomdiy #rentersafe #budgetdecor #bathroomplants #biophilicdesign #plantstyling #stepbystephowto",Use the decision tree now,"Create a photorealistic vertical 2:3 Pinterest image for a bathroom DIY post. Variant ID: PIN-018. Style focus: PlantsBiophilic. Hook style: StepByStepHowTo. Intent: Solve. Scene direction: wide corner composition showing full bathroom flow, soft green accessories with light wood textures. Story cue: Match plants to light + humidity constraints before styling. No people, no faces, no logos, no watermarks, no on-image text. Leave clear safe space at top and bottom for text overlays.",,/micro/tiny-vanity-top-organization-map?utm_source=pinterest&utm_medium=organic&utm_campaign=week1_growth&utm_content=pin-018_stepbystephowto_solve
PIN-019,/micro/removable-lighting-upgrade-checklist,/blog/no-drill-bathroom-upgrades-under-150,No-Drill Bathroom Upgrades Under $150 (Renter-Safe),no drill bathroom upgrades renters,ProductRoundup under $225,Renter-safe path,"You want your deposit back and still want the bathroom to feel finished. This ProductRoundup plan stays under $225. You get a cleaner, calmer bathroom without permanent changes. Swap temporary hardware and reset high-traffic zones. Compare picks by budget. #bathroomdiy #rentersafe #budgetdecor #renterfriendly #nodrill #apartmentdecor #productroundup",Compare picks by budget,"Create a photorealistic vertical 2:3 Pinterest image for a bathroom DIY post. Variant ID: PIN-019. Style focus: RenterFriendly. Hook style: ProductRoundup. Intent: Shop. Scene direction: tight crop centered on mirror + lighting area, white and clay palette with subtle contrast. Story cue: Swap temporary hardware and reset high-traffic zones. No people, no faces, no logos, no watermarks, no on-image text. Leave clear safe space at top and bottom for text overlays.",,/micro/removable-lighting-upgrade-checklist?utm_source=pinterest&utm_medium=organic&utm_campaign=week1_growth&utm_content=pin-019_productroundup_shop
PIN-020,/micro/peel-stick-backsplash-cut-plan,/blog/no-drill-bathroom-upgrades-under-150,No-Drill Bathroom Upgrades Under $150 (Renter-Safe),no drill bathroom upgrades renters,PlantPicker under $300,Renter-safe path,You want visible change but every home project feels expensive. This PlantPicker plan stays under $300. You get high-impact updates without blowing your monthly budget. Use one anchor fix plus one support layer under a hard budget cap. Join weekly bathroom plans. #bathroomdiy #rentersafe #budgetdecor #budgetdiy #cheapdecor #diyhomeprojects #plantpicker,Join weekly bathroom plans,"Create a photorealistic vertical 2:3 Pinterest image for a bathroom DIY post. Variant ID: PIN-020. Style focus: BudgetDIY. Hook style: PlantPicker. Intent: Subscribe. Scene direction: shower-side perspective with storage context, minimal black hardware with bright natural tones. Story cue: Use one anchor fix plus one support layer under a hard budget cap. No people, no faces, no logos, no watermarks, no on-image text. Leave clear safe space at top and bottom for text overlays.",,/micro/peel-stick-backsplash-cut-plan?utm_source=pinterest&utm_medium=organic&utm_campaign=week1_growth&utm_content=pin-020_plantpicker_subscribe
PIN-021,/micro/no-drill-art-layout-guide,/blog/no-drill-bathroom-upgrades-under-150,No-Drill Bathroom Upgrades Under $150 (Renter-Safe),no drill bathroom upgrades renters,RenterHack under $75,Renter-safe path,Tiny layouts make daily routines feel cramped and frustrating. This RenterHack plan stays under $75. You get smoother movement and less visual stress in tight spaces. Re-route one clutter point and create one clear landing zone. Start with this quick reset. #bathroomdiy #rentersafe #budgetdecor #smallbathroom #smallspacehacks #tinybathroom #renterhack,Start with this quick reset,"Create a photorealistic vertical 2:3 Pinterest image for a bathroom DIY post. Variant ID: PIN-021. Style focus: SmallSpace. Hook style: RenterHack. Intent: Inspire. Scene direction: eye-level view with a clear sink zone focus, matte tile and brushed metal accents. Story cue: Re-route one clutter point and create one clear landing zone. No people, no faces, no logos, no watermarks, no on-image text. Leave clear safe space at top and bottom for text overlays.",,/micro/no-drill-art-layout-guide?utm_source=pinterest&utm_medium=organic&utm_campaign=week1_growth&utm_content=pin-021_renterhack_inspire
PIN-022,/micro/under-75-color-refresh-plan,/blog/small-bathroom-storage-zones,Small Bathroom Storage Zones That Cut Daily Clutter,small bathroom storage ideas renters,SmallSpaceTrick under $150,Renter-safe path,Counters and cabinets refill with clutter within days. This SmallSpaceTrick plan stays under $150. You save time each morning because everything has a predictable home. Build a simple category system that survives real daily use. Follow this step-by-step guide. #bathroomdiy #rentersafe #budgetdecor #bathroomstorage #organizingtips #declutterhome #smallspacetrick,Follow this step-by-step guide,"Create a photorealistic vertical 2:3 Pinterest image for a bathroom DIY post. Variant ID: PIN-022. Style focus: StorageOrganization. Hook style: SmallSpaceTrick. Intent: Teach. Scene direction: slight top-down angle highlighting vanity organization, warm neutral tile with clean grout lines. Story cue: Build a simple category system that survives real daily use. No people, no faces, no logos, no watermarks, no on-image text. Leave clear safe space at top and bottom for text overlays.",,/micro/under-75-color-refresh-plan?utm_source=pinterest&utm_medium=organic&utm_campaign=week1_growth&utm_content=pin-022_smallspacetrick_teach
PIN-023,/micro/tiny-vanity-top-organization-map,/blog/no-drill-bathroom-upgrades-under-150,No-Drill Bathroom Upgrades Under $150 (Renter-Safe),no drill bathroom upgrades renters,StylingFormula under $225,Renter-safe path,"You want personality without making the room feel busier. This StylingFormula plan stays under $225. You get a bathroom that looks intentional, not expensive. Use one color rule and one texture layer for instant cohesion. Choose your best-fit path. #bathroomdiy #rentersafe #budgetdecor #bathroomstyling #colorformula #maximalistdecor #stylingformula",Choose your best-fit path,"Create a photorealistic vertical 2:3 Pinterest image for a bathroom DIY post. Variant ID: PIN-023. Style focus: Styling. Hook style: StylingFormula. Intent: Solve. Scene direction: wide corner composition showing full bathroom flow, soft green accessories with light wood textures. Story cue: Use one color rule and one texture layer for instant cohesion. No people, no faces, no logos, no watermarks, no on-image text. Leave clear safe space at top and bottom for text overlays.",,/micro/tiny-vanity-top-organization-map?utm_source=pinterest&utm_medium=organic&utm_campaign=week1_growth&utm_content=pin-023_stylingformula_solve
PIN-024,/micro/removable-lighting-upgrade-checklist,/blog/bathroom-plants-low-light-humidity,Bathroom Plants for Low Light + Humidity: Practical Picks,bathroom plants low light humidity,MythBuster under $300,Renter-safe path,"Plants die quickly in low-light, humid bathrooms. This MythBuster plan stays under $300. You get greenery that actually survives and softens the space. Match plants to light + humidity constraints before styling. Shop the under-$150 tier. #bathroomdiy #rentersafe #budgetdecor #bathroomplants #biophilicdesign #plantstyling #mythbuster",Shop the under-$150 tier,"Create a photorealistic vertical 2:3 Pinterest image for a bathroom DIY post. Variant ID: PIN-024. Style focus: PlantsBiophilic. Hook style: MythBuster. Intent: Shop. Scene direction: tight crop centered on mirror + lighting area, white and clay palette with subtle contrast. Story cue: Match plants to light + humidity constraints before styling. No people, no faces, no logos, no watermarks, no on-image text. Leave clear safe space at top and bottom for text overlays.",,/micro/removable-lighting-upgrade-checklist?utm_source=pinterest&utm_medium=organic&utm_campaign=week1_growth&utm_content=pin-024_mythbuster_shop
PIN-025,/micro/peel-stick-backsplash-cut-plan,/blog/no-drill-bathroom-upgrades-under-150,No-Drill Bathroom Upgrades Under $150 (Renter-Safe),no drill bathroom upgrades renters,BeforeAfter under $75,Renter-safe path,"You want your deposit back and still want the bathroom to feel finished. This BeforeAfter plan stays under $75. You get a cleaner, calmer bathroom without permanent changes. Swap temporary hardware and reset high-traffic zones. Get the free plant picker. #bathroomdiy #rentersafe #budgetdecor #renterfriendly #nodrill #apartmentdecor #beforeafter",Get the free plant picker,"Create a photorealistic vertical 2:3 Pinterest image for a bathroom DIY post. Variant ID: PIN-025. Style focus: RenterFriendly. Hook style: BeforeAfter. Intent: Subscribe. Scene direction: shower-side perspective with storage context, minimal black hardware with bright natural tones. Story cue: Swap temporary hardware and reset high-traffic zones. No people, no faces, no logos, no watermarks, no on-image text. Leave clear safe space at top and bottom for text overlays.",,/micro/peel-stick-backsplash-cut-plan?utm_source=pinterest&utm_medium=organic&utm_campaign=week1_growth&utm_content=pin-025_beforeafter_subscribe